{
    "reputation": {
        "node_0": 0.9490595951139306,
        "node_1": 0.9490595951136341,
        "node_2": 0.9490595948983288,
        "node_3": 0.9490595948965631,
        "node_4": 0.9490595950037896,
        "node_5": 0.9490595948305914,
        "node_6": 0.9490595948311463,
        "node_7": 0.9490595949927604,
        "node_8": 0.949059594931225,
        "node_9": 0.9490595945824127,
        "node_10": 0.9490595942620146,
        "node_11": 0.9490595942276417,
        "node_12": 0.9490595940375156,
        "node_13": 0.9490595941237336,
        "node_14": 0.9490595939243951,
        "node_15": 0.9490595939965192,
        "node_16": 0.9490595938751095,
        "node_17": 0.9490595938742459,
        "node_18": 0.9490595936467723,
        "node_19": 0.9490595933656445,
        "node_20": 0.9479862729492109,
        "node_21": 0.9479862737749765,
        "node_22": 0.9479862739802887,
        "node_23": 0.9479862737286565,
        "node_24": 0.9479862737302401,
        "node_25": 0.9479862761169838,
        "node_26": 0.9479862756647823,
        "node_27": 0.9479862752536745,
        "node_28": 0.9479862740396494,
        "node_29": 0.9479862736913848,
        "node_30": 0.9479862731561198,
        "node_31": 0.947986273542373,
        "node_32": 0.9479862743588137,
        "node_33": 0.9479862739483159,
        "node_34": 0.9479862735416058,
        "node_35": 0.9479862734593277,
        "node_36": 0.9479862744544889,
        "node_37": 0.9479862751109013,
        "node_38": 0.9479862749035287,
        "node_39": 0.947986274904345,
        "node_40": 0.9479862753555729,
        "node_41": 0.9479862751094404,
        "node_42": 0.9479862749043825,
        "node_43": 0.9479862742894046,
        "node_44": 0.9479862733834113,
        "node_45": 0.9479862738613126,
        "node_46": 0.9479862744260434,
        "node_47": 0.9479862744260434,
        "node_48": 0.9479862736034308,
        "node_49": 0.9479862736653419,
        "node_50": 0.9448570505896562,
        "node_51": 0.9448570517150866,
        "node_52": 0.9448570550898555,
        "node_53": 0.9448570550898555,
        "node_54": 0.9448570604155326,
        "node_55": 0.9448570604155326,
        "node_56": 0.9448570604155326,
        "node_57": 0.9448570608419578,
        "node_58": 0.9448570587616598,
        "node_59": 0.9448570585286046,
        "node_60": 0.9448570670972813,
        "node_61": 0.9448570670972813,
        "node_62": 0.944857062240712,
        "node_63": 0.944857062240712,
        "node_64": 0.944857062240712,
        "node_65": 0.944857062240712,
        "node_66": 0.9448570618425518,
        "node_67": 0.9448570618425518,
        "node_68": 0.94485705889436,
        "node_69": 0.944857061141222,
        "node_70": 0.9448570600179177,
        "node_71": 0.9448570577705488,
        "node_72": 0.9448570529599203,
        "node_73": 0.9448570563604523,
        "node_74": 0.9448570563604523,
        "node_75": 0.9448570563604523,
        "node_76": 0.9448570563604523,
        "node_77": 0.9448570563604523,
        "node_78": 0.9448570563604523,
        "node_79": 0.9448570563604523,
        "node_80": 0.9448570574845814,
        "node_81": 0.9448570574845814,
        "node_82": 0.944857058608457,
        "node_83": 0.944857063232659,
        "node_84": 0.944857063232659,
        "node_85": 0.944857063232659,
        "node_86": 0.944857063232659,
        "node_87": 0.944857063232659,
        "node_88": 0.944857063232659,
        "node_89": 0.9448570615491594,
        "node_90": 0.9448570615491594,
        "node_91": 0.9448570615491594,
        "node_92": 0.9448570615491594,
        "node_93": 0.9448570615491594,
        "node_94": 0.9448570626721186,
        "node_95": 0.9448570626721186,
        "node_96": 0.9448570637948243,
        "node_97": 0.9448570637948243,
        "node_98": 0.9448570637948243,
        "node_99": 0.9448570610702135,
        "node_100": 0.9357339783365963,
        "node_101": 0.9357339783365963,
        "node_102": 0.9357339783365963,
        "node_103": 0.9357339783365963,
        "node_104": 0.9357339783365963,
        "node_105": 0.9357339552076283,
        "node_106": 0.9357339739321443,
        "node_107": 0.9357339669679986,
        "node_108": 0.9357339712631881,
        "node_109": 0.9357339712631881,
        "node_110": 0.9357339892796472,
        "node_111": 0.9357339892796472,
        "node_112": 0.9357339662910724,
        "node_113": 0.9357339662910724,
        "node_114": 0.9357339662910724,
        "node_115": 0.9357339719417942,
        "node_116": 0.9357339719417942,
        "node_117": 0.935733975954486,
        "node_118": 0.935733975954486,
        "node_119": 0.935733975954486,
        "node_120": 0.935733975954486,
        "node_121": 0.935733975954486,
        "node_122": 0.9357339862793372,
        "node_123": 0.9357339862793372,
        "node_124": 0.9357339816025768,
        "node_125": 0.9357339769247613,
        "node_126": 0.9357339769247613,
        "node_127": 0.9357339641713477,
        "node_128": 0.9357339491514092,
        "node_129": 0.9357339491514092,
        "node_130": 0.9357339491514092,
        "node_131": 0.9357339491514092,
        "node_132": 0.9357339491514092,
        "node_133": 0.9357339475741778,
        "node_134": 0.9357339763503923,
        "node_135": 0.9357339763503923,
        "node_136": 0.9357339763503923,
        "node_137": 0.9357340022320892,
        "node_138": 0.9357339838070842,
        "node_139": 0.9357339838070842,
        "node_140": 0.9357339838070842,
        "node_141": 0.9357339838070842,
        "node_142": 0.9357339779465131,
        "node_143": 0.9357339779465131,
        "node_144": 0.9357339779465131,
        "node_145": 0.9357339639074269,
        "node_146": 0.9357339685881777,
        "node_147": 0.9357339685881777,
        "node_148": 0.9357339680282859,
        "node_149": 0.9357339521742043,
        "node_150": 0.909135918260362,
        "node_151": 0.909135918260362,
        "node_152": 0.909135918260362,
        "node_153": 0.909135883005426,
        "node_154": 0.909135883005426,
        "node_155": 0.9091359415341532,
        "node_156": 0.9091359415341532,
        "node_157": 0.9091359220289773,
        "node_158": 0.9091359220289773,
        "node_159": 0.9091359512704297,
        "node_160": 0.9091359961371163,
        "node_161": 0.9091360745254298,
        "node_162": 0.9091360745254298,
        "node_163": 0.9091360550502505,
        "node_164": 0.9091360550502505,
        "node_165": 0.9091360550502505,
        "node_166": 0.9091360550502505,
        "node_167": 0.9091360550502505,
        "node_168": 0.9091360550502505,
        "node_169": 0.9091360751162904,
        "node_170": 0.9091360751162904,
        "node_171": 0.9091360751162904,
        "node_172": 0.9091360751162904,
        "node_173": 0.9091360556412444,
        "node_174": 0.9091360556412444,
        "node_175": 0.9091360556412444,
        "node_176": 0.9091360945869446,
        "node_177": 0.9091360945869446,
        "node_178": 0.9091360945869446,
        "node_179": 0.9091360945869446,
        "node_180": 0.9091360945869446,
        "node_181": 0.9091360905492406,
        "node_182": 0.9091361163816183,
        "node_183": 0.9091361163816183,
        "node_184": 0.9091361163816183,
        "node_185": 0.9091361163816183,
        "node_186": 0.9091361163816183,
        "node_187": 0.9091361163816183,
        "node_188": 0.9091361163816183,
        "node_189": 0.9091360369277126,
        "node_190": 0.9091360494779971,
        "node_191": 0.909136053517622,
        "node_192": 0.909136053517622,
        "node_193": 0.9091359767136181,
        "node_194": 0.9091359767136181,
        "node_195": 0.9091359767136181,
        "node_196": 0.9091359767136181,
        "node_197": 0.9091359199742528,
        "node_198": 0.909135900464214,
        "node_199": 0.909135900464214
    },
    "ewma_reputations": {
        "node_0": 0.9490595951139306,
        "node_1": 0.9490595951136341,