{
    "reputation": {
        "node_0": 0.949619942039626,
        "node_1": 0.9496198301986033,
        "node_2": 0.9496197543564343,
        "node_3": 0.949619088464217,
        "node_4": 0.9496189565425761,
        "node_5": 0.9496187095316279,
        "node_6": 0.949618918790664,
        "node_7": 0.9496190032322036,
        "node_8": 0.9496190895552689,
        "node_9": 0.949619114202782,
        "node_10": 0.9496193741022552,
        "node_11": 0.9496188579391094,
        "node_12": 0.9496189157093563,
        "node_13": 0.9496191470093921,
        "node_14": 0.949619401022552,
        "node_15": 0.9496197197148128,
        "node_16": 0.9496194880761893,
        "node_17": 0.9496193284687972,
        "node_18": 0.9496190454201359,
        "node_19": 0.9496192076116943,
        "node_20": 0.9496193040461248,
        "node_21": 0.9496195609634217,
        "node_22": 0.9496195609634217,
        "node_23": 0.9496194857173704,
        "node_24": 0.9496195860900855,
        "node_25": 0.9496194643103009,
        "node_26": 0.9496194643103009,
        "node_27": 0.9496193884015921,
        "node_28": 0.9496193350430293,
        "node_29": 0.9496193956840929,
        "node_30": 0.949619507855511,
        "node_31": 0.9496195601453757,
        "node_32": 0.9496192597133802,
        "node_33": 0.9496192597133802,
        "node_34": 0.9496195115208006,
        "node_35": 0.9496195805546429,
        "node_36": 0.9496195262976423,
        "node_37": 0.9496194344749731,
        "node_38": 0.9496192876983311,
        "node_39": 0.949619339432223,
        "node_40": 0.9496196179391365,
        "node_41": 0.9496197061340835,
        "node_42": 0.9496197061340835,
        "node_43": 0.9496197361736212,
        "node_44": 0.9496197653218467,
        "node_45": 0.9496197653218467,
        "node_46": 0.9496197979492076,
        "node_47": 0.9496197979492076,
        "node_48": 0.9496197038396871,
        "node_49": 0.9496195888615053
    },
    "ewma_reputations": {
        "node_0": 0.949619942039626,
        "node_1": 0.9496198301986033,
        "node_2": 0.9496197543564343,
        "node_3": 0.949619088464217,
        "node_4": 0.9496189565425761,
        "node_5": 0.9496187095316279,
        "node_6": 0.949618918790664,
        "node_7": 0.9496190032322036,
        "node_8": 0.9496190895552689,
        "node_9": 0.949619114202782,
        "node_10": 0.9496193741022552,
        "node_11": 0.9496188579391094,
        "node_12": 0.9496189157093563,
        "node_13": 0.9496191470093921,
        "node_14": 0.949619401022552,
        "node_15": 0.9496197197148128,
        "node_16": 0.9496194880761893,
        "node_17": 0.9496193284687972,
        "node_18": 0.9496190454201359,
        "node_19": 0.9496192076116943,
        "node_20": 0.9496193040461248,
        "node_21": 0.9496195609634217,
        "node_22": 0.9496195609634217,
        "node_23": 0.9496194857173704,
        "node_24": 0.9496195860900855,
        "node_25": 0.9496194643103009,
        "node_26": 0.9496194643103009,
        "node_27": 0.9496193884015921,
        "node_28": 0.9496193350430293,
        "node_29": 0.9496193956840929,
        "node_30": 0.949619507855511,
        "node_31": 0.9496195601453757,
        "node_32": 0.9496192597133802,
        "node_33": 0.9496192597133802,
        "node_34": 0.9496195115208006,
        "node_35": 0.9496195805546429,
        "node_36": 0.9496195262976423,
        "node_37": 0.9496194344749731,
        "node_38": 0.9496192876983311,
        "node_39": 0.949619339432223,
        "node_40": 0.9496196179391365,
        "node_41": 0.9496197061340835,
        "node_42": 0.9496197061340835,
        "node_43": 0.9496197361736212,
        "node_44": 0.9496197653218467,
        "node_45": 0.9496197653218467,
        "node_46": 0.9496197979492076,
        "node_47": 0.9496197979492076,
        "node_48": 0.9496197038396871,
        "node_49": 0.9496195888615053
    },
    "last_updated": "2026-05-02T07:55:51.580427"
}