{
    "reputation": {
        "node_0": 0.949619942039626,
        "node_1": 0.9496199388803938,
        "node_2": 0.949617645345153,
        "node_3": 0.9496176265353461,
        "node_4": 0.9496187687637173,
        "node_5": 0.9496169237726311,
        "node_6": 0.9496169296836809,
        "node_7": 0.9496186512754661,
        "node_8": 0.9496179957710655,
        "node_9": 0.9496142800529127,
        "node_10": 0.949613589523627,
        "node_11": 0.9496133332132548,
        "node_12": 0.9496119154927357,
        "node_13": 0.9496125583977436,
        "node_14": 0.9496110719828664,
        "node_15": 0.9496116097935893,
        "node_16": 0.9496107044732346,
        "node_17": 0.9496106980325006,
        "node_18": 0.949609001821222,
        "node_19": 0.9496069055251444,
        "node_20": 0.9496082176800431,
        "node_21": 0.9496103297090028,
        "node_22": 0.9496108548281841,
        "node_23": 0.9496102112381954,
        "node_24": 0.9496102152885967,
        "node_25": 0.9496163197717342,
        "node_26": 0.9496151631930632,
        "node_27": 0.9496141117185865,
        "node_28": 0.9496110066529434,
        "node_29": 0.9496101159095464,
        "node_30": 0.9496087468828225,
        "node_31": 0.9496097347877892,
        "node_32": 0.9496118229670246,
        "node_33": 0.949610773052489,
        "node_34": 0.9496097328256122,
        "node_35": 0.9496095223861463,
        "node_36": 0.9496120676718235,
        "node_37": 0.949613746552814,
        "node_38": 0.949613216164058,
        "node_39": 0.9496132182517072,
        "node_40": 0.9496143723398576,
        "node_41": 0.949613742816456,
        "node_42": 0.9496132183473515,
        "node_43": 0.9496116454423575,
        "node_44": 0.9496093282180347,
        "node_45": 0.9496105505278499,
        "node_46": 0.9496119949179824,
        "node_47": 0.9496119949179824,
        "node_48": 0.9496098909531607,
        "node_49": 0.949610049300927,
        "node_50": 0.9496069423203367,
        "node_51": 0.9496076334411,
        "node_52": 0.9496097058684299,
        "node_53": 0.9496097058684299,
        "node_54": 0.9496129763380061,
        "node_55": 0.9496129763380061,
        "node_56": 0.9496129763380061,
        "node_57": 0.9496132382033434,
        "node_58": 0.9496119607036346,
        "node_59": 0.9496118175856842,
        "node_60": 0.9496170795637716,
        "node_61": 0.9496170795637716,
        "node_62": 0.94961409717077,
        "node_63": 0.94961409717077,
        "node_64": 0.94961409717077,
        "node_65": 0.94961409717077,
        "node_66": 0.9496138526627462,
        "node_67": 0.9496138526627462,
        "node_68": 0.9496120421940887,
        "node_69": 0.9496134219799472,
        "node_70": 0.9496127321648133,
        "node_71": 0.9496113520677383,
        "node_72": 0.9496083978867028,
        "node_73": 0.9496104861350333,
        "node_74": 0.9496104861350333,
        "node_75": 0.9496104861350333,
        "node_76": 0.9496104861350333,
        "node_77": 0.9496104861350333,
        "node_78": 0.9496104861350333,
        "node_79": 0.9496104861350333,
        "node_80": 0.9496111764566544,
        "node_81": 0.9496111764566544,
        "node_82": 0.9496118666226057,
        "node_83": 0.9496147063200125,
        "node_84": 0.9496147063200125,
        "node_85": 0.9496147063200125,
        "node_86": 0.9496147063200125,
        "node_87": 0.9496147063200125,
        "node_88": 0.9496147063200125,
        "node_89": 0.9496136724920744,
        "node_90": 0.9496136724920744,
        "node_91": 0.9496136724920744,
        "node_92": 0.9496136724920744,
        "node_93": 0.9496136724920744,
        "node_94": 0.9496143620951615,
        "node_95": 0.9496143620951615,
        "node_96": 0.9496150515427406,
        "node_97": 0.9496150515427406,
        "node_98": 0.9496150515427406,
        "node_99": 0.9496133783739626,
        "node_100": 0.9496133783739626,
        "node_101": 0.9496133783739626,
        "node_102": 0.9496133783739626,
        "node_103": 0.9496133783739626,
        "node_104": 0.9496133783739626,
        "node_105": 0.9496099681437555,
        "node_106": 0.9496127289634385,
        "node_107": 0.9496117021411448,
        "node_108": 0.9496123354415758,
        "node_109": 0.9496123354415758,
        "node_110": 0.9496149918624175,
        "node_111": 0.9496149918624175,
        "node_112": 0.9496116023323686,
        "node_113": 0.9496116023323686,
        "node_114": 0.9496116023323686,
        "node_115": 0.9496124354980259,
        "node_116": 0.9496124354980259,
        "node_117": 0.9496130271458296,
        "node_118": 0.9496130271458296,
        "node_119": 0.9496130271458296,
        "node_120": 0.9496130271458296,
        "node_121": 0.9496130271458296,
        "node_122": 0.9496145494843811,
        "node_123": 0.9496145494843811,
        "node_124": 0.9496138599235605,
        "node_125": 0.9496131702072067,
        "node_126": 0.9496131702072067,
        "node_127": 0.9496112897914424,
        "node_128": 0.9496090751899183,
        "node_129": 0.9496090751899183,
        "node_130": 0.9496090751899183,
        "node_131": 0.9496090751899183,
        "node_132": 0.9496090751899183,
        "node_133": 0.9496088426364196,
        "node_134": 0.949613085519886,
        "node_135": 0.949613085519886,
        "node_136": 0.949613085519886,
        "node_137": 0.9496169016237506,
        "node_138": 0.9496141849651949,
        "node_139": 0.9496141849651949,
        "node_140": 0.9496141849651949,
        "node_141": 0.9496141849651949,
        "node_142": 0.9496133208585105,
        "node_143": 0.9496133208585105,
        "node_144": 0.9496133208585105,
        "node_145": 0.949611250877861,
        "node_146": 0.9496119410270301,
        "node_147": 0.9496119410270301,
        "node_148": 0.9496118584742721,
        "node_149": 0.9496095208832467,
        "node_150": 0.9496095208832467,
        "node_151": 0.9496095208832467,
        "node_152": 0.9496095208832467,
        "node_153": 0.9496082728115633,
        "node_154": 0.9496082728115633,
        "node_155": 0.9496103448064503,
        "node_156": 0.9496103448064503,
        "node_157": 0.949609654297247,
        "node_158": 0.949609654297247,
        "node_159": 0.9496106894836019,
        "node_160": 0.9496122778240592,
        "node_161": 0.9496150528747505,
        "node_162": 0.9496150528747505,
        "node_163": 0.9496143634274717,
        "node_164": 0.9496143634274717,
        "node_165": 0.9496143634274717,
        "node_166": 0.9496143634274717,
        "node_167": 0.9496143634274717,
        "node_168": 0.9496143634274717,
        "node_169": 0.9496150737920029,
        "node_170": 0.9496150737920029,
        "node_171": 0.9496150737920029,
        "node_172": 0.9496150737920029,
        "node_173": 0.9496143843494421,
        "node_174": 0.9496143843494421,
        "node_175": 0.9496143843494421,
        "node_176": 0.9496157630790921,
        "node_177": 0.9496157630790921,
        "node_178": 0.9496157630790921,
        "node_179": 0.9496157630790921,
        "node_180": 0.9496157630790921,
        "node_181": 0.9496156201389943,
        "node_182": 0.9496165346395677,
        "node_183": 0.9496165346395677,
        "node_184": 0.9496165346395677,
        "node_185": 0.9496165346395677,
        "node_186": 0.9496165346395677,
        "node_187": 0.9496165346395677,
        "node_188": 0.9496165346395677,
        "node_189": 0.9496137218654961,
        "node_190": 0.9496141661622775,
        "node_191": 0.9496143091703805,
        "node_192": 0.9496143091703805,
        "node_193": 0.9496115902063594,
        "node_194": 0.9496115902063594,
        "node_195": 0.9496115902063594,
        "node_196": 0.9496115902063594,
        "node_197": 0.9496095815572656,
        "node_198": 0.9496088908759082,
        "node_199": 0.9496088908759082
    },
    "ewma_reputations": {
        "node_0": 0.949619942039626,
        "node_1": 0.9496199388803938,